accession	accession_version	strain	date	region	country	division	location	length	host	date_released	date_updated	sra_accessions	authors	abbr_authors	institution
AX230481	AX230481.1	AX230481	XXXX-XX-XX					279		2001-09-11	2001-09-11		Smith,G.K.	Smith et al.	
AY845247	AY845247.1	5592	XXXX-XX-XX	North America	USA			488		2006-02-01	2016-07-26		Armstrong,P.M.,Andreadis,T.G.,Anderson,J.F.,Main,A.J.	Armstrong et al.	Connecticut Agricultural Experiment Station, Soil and Water
EF681804	EF681804.1	5592-02	XXXX-XX-XX	North America	USA			822		2008-01-07	2008-01-07		Armstrong,P.M.,Andreadis,T.G.	Armstrong et al.	The Connecticut Agricultural Experiment Station
EF681805	EF681805.1	368-99	XXXX-XX-XX	North America	USA			822		2008-01-07	2008-01-07		Armstrong,P.M.,Andreadis,T.G.	Armstrong et al.	The Connecticut Agricultural Experiment Station
EF681806	EF681806.1	6163-03	XXXX-XX-XX	North America	USA			822		2008-01-07	2008-01-07		Armstrong,P.M.,Andreadis,T.G.	Armstrong et al.	The Connecticut Agricultural Experiment Station
EF681807	EF681807.1	468-04	XXXX-XX-XX	North America	USA			819		2008-01-07	2008-01-07		Armstrong,P.M.,Andreadis,T.G.	Armstrong et al.	The Connecticut Agricultural Experiment Station
EF681808	EF681808.1	2179-00	XXXX-XX-XX	North America	USA			822		2008-01-07	2008-01-07		Armstrong,P.M.,Andreadis,T.G.	Armstrong et al.	The Connecticut Agricultural Experiment Station
EF681809	EF681809.1	779-98	XXXX-XX-XX	North America	USA			819		2008-01-07	2008-01-07		Armstrong,P.M.,Andreadis,T.G.	Armstrong et al.	The Connecticut Agricultural Experiment Station
EF681810	EF681810.1	810-98	XXXX-XX-XX	North America	USA			819		2008-01-07	2008-01-07		Armstrong,P.M.,Andreadis,T.G.	Armstrong et al.	The Connecticut Agricultural Experiment Station
EF681811	EF681811.1	811-00	XXXX-XX-XX	North America	USA			822		2008-01-07	2008-01-07		Armstrong,P.M.,Andreadis,T.G.	Armstrong et al.	The Connecticut Agricultural Experiment Station
EF681812	EF681812.1	1697-03	XXXX-XX-XX	North America	USA			819		2008-01-07	2008-01-07		Armstrong,P.M.,Andreadis,T.G.	Armstrong et al.	The Connecticut Agricultural Experiment Station
EF681813	EF681813.1	1425-02	XXXX-XX-XX	North America	USA			819		2008-01-07	2008-01-07		Armstrong,P.M.,Andreadis,T.G.	Armstrong et al.	The Connecticut Agricultural Experiment Station
EF681814	EF681814.1	1441-04	XXXX-XX-XX	North America	USA			819		2008-01-07	2008-01-07		Armstrong,P.M.,Andreadis,T.G.	Armstrong et al.	The Connecticut Agricultural Experiment Station
EF681815	EF681815.1	928-00	XXXX-XX-XX	North America	USA			819		2008-01-07	2008-01-07		Armstrong,P.M.,Andreadis,T.G.	Armstrong et al.	The Connecticut Agricultural Experiment Station
EF681816	EF681816.1	1064-03	XXXX-XX-XX	North America	USA			819		2008-01-07	2008-01-07		Armstrong,P.M.,Andreadis,T.G.	Armstrong et al.	The Connecticut Agricultural Experiment Station
EF681817	EF681817.1	1369-02	XXXX-XX-XX	North America	USA			822		2008-01-07	2008-01-07		Armstrong,P.M.,Andreadis,T.G.	Armstrong et al.	The Connecticut Agricultural Experiment Station
EF681818	EF681818.1	1627-04	XXXX-XX-XX	North America	USA			822		2008-01-07	2008-01-07		Armstrong,P.M.,Andreadis,T.G.	Armstrong et al.	The Connecticut Agricultural Experiment Station
EF681819	EF681819.1	1810-02	XXXX-XX-XX	North America	USA			822		2008-01-07	2008-01-07		Armstrong,P.M.,Andreadis,T.G.	Armstrong et al.	The Connecticut Agricultural Experiment Station
EF681820	EF681820.1	2384-98	XXXX-XX-XX	North America	USA			822		2008-01-07	2008-01-07		Armstrong,P.M.,Andreadis,T.G.	Armstrong et al.	The Connecticut Agricultural Experiment Station
EF681821	EF681821.1	2707-01	XXXX-XX-XX	North America	USA			819		2008-01-07	2008-01-07		Armstrong,P.M.,Andreadis,T.G.	Armstrong et al.	The Connecticut Agricultural Experiment Station
EF681822	EF681822.1	2718-01	XXXX-XX-XX	North America	USA			822		2008-01-07	2008-01-07		Armstrong,P.M.,Andreadis,T.G.	Armstrong et al.	The Connecticut Agricultural Experiment Station
EF681823	EF681823.1	3280-03	XXXX-XX-XX	North America	USA			819		2008-01-07	2008-01-07		Armstrong,P.M.,Andreadis,T.G.	Armstrong et al.	The Connecticut Agricultural Experiment Station
EF681824	EF681824.1	3324-04	XXXX-XX-XX	North America	USA			822		2008-01-07	2008-01-07		Armstrong,P.M.,Andreadis,T.G.	Armstrong et al.	The Connecticut Agricultural Experiment Station
EF681825	EF681825.1	3573-03	XXXX-XX-XX	North America	USA			819		2008-01-07	2008-01-07		Armstrong,P.M.,Andreadis,T.G.	Armstrong et al.	The Connecticut Agricultural Experiment Station
EF681826	EF681826.1	3682-00	XXXX-XX-XX	North America	USA			819		2008-01-07	2008-01-07		Armstrong,P.M.,Andreadis,T.G.	Armstrong et al.	The Connecticut Agricultural Experiment Station
EF681827	EF681827.1	4148-03	XXXX-XX-XX	North America	USA			819		2008-01-07	2008-01-07		Armstrong,P.M.,Andreadis,T.G.	Armstrong et al.	The Connecticut Agricultural Experiment Station
EF681828	EF681828.1	4473-00	XXXX-XX-XX	North America	USA			819		2008-01-07	2008-01-07		Armstrong,P.M.,Andreadis,T.G.	Armstrong et al.	The Connecticut Agricultural Experiment Station
EF681829	EF681829.1	4742-04	XXXX-XX-XX	North America	USA			822		2008-01-07	2008-01-07		Armstrong,P.M.,Andreadis,T.G.	Armstrong et al.	The Connecticut Agricultural Experiment Station
EF681830	EF681830.1	2274-05	XXXX-XX-XX	North America	USA			822		2008-01-07	2008-01-07		Armstrong,P.M.,Andreadis,T.G.	Armstrong et al.	The Connecticut Agricultural Experiment Station
EF681831	EF681831.1	1472-05	XXXX-XX-XX	North America	USA			822		2008-01-07	2008-01-07		Armstrong,P.M.,Andreadis,T.G.	Armstrong et al.	The Connecticut Agricultural Experiment Station
EF681832	EF681832.1	4910-02	XXXX-XX-XX	North America	USA			819		2008-01-07	2008-01-07		Armstrong,P.M.,Andreadis,T.G.	Armstrong et al.	The Connecticut Agricultural Experiment Station
EF681833	EF681833.1	275-01	XXXX-XX-XX	North America	USA			822		2008-01-07	2008-01-07		Armstrong,P.M.,Andreadis,T.G.	Armstrong et al.	The Connecticut Agricultural Experiment Station
EF681834	EF681834.1	339-05	XXXX-XX-XX	North America	USA			822		2008-01-07	2008-01-07		Armstrong,P.M.,Andreadis,T.G.	Armstrong et al.	The Connecticut Agricultural Experiment Station
EF681835	EF681835.1	3836-05	XXXX-XX-XX	North America	USA			822		2008-01-07	2008-01-07		Armstrong,P.M.,Andreadis,T.G.	Armstrong et al.	The Connecticut Agricultural Experiment Station
EF681836	EF681836.1	2286-00	XXXX-XX-XX	North America	USA			819		2008-01-07	2008-01-07		Armstrong,P.M.,Andreadis,T.G.	Armstrong et al.	The Connecticut Agricultural Experiment Station
EF681837	EF681837.1	1044-05	XXXX-XX-XX	North America	USA			822		2008-01-07	2008-01-07		Armstrong,P.M.,Andreadis,T.G.	Armstrong et al.	The Connecticut Agricultural Experiment Station
EF681838	EF681838.1	978-99	XXXX-XX-XX	North America	USA			822		2008-01-07	2008-01-07		Armstrong,P.M.,Andreadis,T.G.	Armstrong et al.	The Connecticut Agricultural Experiment Station
EF681839	EF681839.1	4832-01	XXXX-XX-XX	North America	USA			822		2008-01-07	2008-01-07		Armstrong,P.M.,Andreadis,T.G.	Armstrong et al.	The Connecticut Agricultural Experiment Station
EF681840	EF681840.1	515-99	XXXX-XX-XX	North America	USA			822		2008-01-07	2008-01-07		Armstrong,P.M.,Andreadis,T.G.	Armstrong et al.	The Connecticut Agricultural Experiment Station
EF681841	EF681841.1	7101-03	XXXX-XX-XX	North America	USA			822		2008-01-07	2008-01-07		Armstrong,P.M.,Andreadis,T.G.	Armstrong et al.	The Connecticut Agricultural Experiment Station
EF681842	EF681842.1	Simsbury	XXXX-XX-XX	North America	USA			822		2008-01-07	2008-01-07		Armstrong,P.M.,Andreadis,T.G.	Armstrong et al.	The Connecticut Agricultural Experiment Station
EF681843	EF681843.1	8011-03	XXXX-XX-XX	North America	USA			822		2008-01-07	2008-01-07		Armstrong,P.M.,Andreadis,T.G.	Armstrong et al.	The Connecticut Agricultural Experiment Station
EF681844	EF681844.1	8536-03	XXXX-XX-XX	North America	USA			819		2008-01-07	2008-01-07		Armstrong,P.M.,Andreadis,T.G.	Armstrong et al.	The Connecticut Agricultural Experiment Station
EF681845	EF681845.1	11497-03	XXXX-XX-XX	North America	USA			822		2008-01-07	2008-01-07		Armstrong,P.M.,Andreadis,T.G.	Armstrong et al.	The Connecticut Agricultural Experiment Station
EF681846	EF681846.1	13995-03	XXXX-XX-XX	North America	USA			822		2008-01-07	2008-01-07		Armstrong,P.M.,Andreadis,T.G.	Armstrong et al.	The Connecticut Agricultural Experiment Station
EF681847	EF681847.1	1768-98	XXXX-XX-XX	North America	USA			819		2008-01-07	2008-01-07		Armstrong,P.M.,Andreadis,T.G.	Armstrong et al.	The Connecticut Agricultural Experiment Station
EF681848	EF681848.1	1385-06	XXXX-XX-XX	North America	USA			822		2008-01-07	2008-01-07		Armstrong,P.M.,Andreadis,T.G.	Armstrong et al.	The Connecticut Agricultural Experiment Station
EF681849	EF681849.1	2989-06	XXXX-XX-XX	North America	USA			822		2008-01-07	2008-01-07		Armstrong,P.M.,Andreadis,T.G.	Armstrong et al.	The Connecticut Agricultural Experiment Station
EF681850	EF681850.1	3381-06	XXXX-XX-XX	North America	USA			822		2008-01-07	2008-01-07		Armstrong,P.M.,Andreadis,T.G.	Armstrong et al.	The Connecticut Agricultural Experiment Station
EF681851	EF681851.1	4095-06	XXXX-XX-XX	North America	USA			822		2008-01-07	2008-01-07		Armstrong,P.M.,Andreadis,T.G.	Armstrong et al.	The Connecticut Agricultural Experiment Station
EF681852	EF681852.1	4078-06	XXXX-XX-XX	North America	USA			822		2008-01-07	2008-01-07		Armstrong,P.M.,Andreadis,T.G.	Armstrong et al.	The Connecticut Agricultural Experiment Station
EF681853	EF681853.1	11-92	XXXX-XX-XX	North America	USA			819		2008-01-07	2008-01-07		Armstrong,P.M.,Andreadis,T.G.	Armstrong et al.	The Connecticut Agricultural Experiment Station
EF681854	EF681854.1	23-97	XXXX-XX-XX	North America	USA			819		2008-01-07	2008-01-07		Armstrong,P.M.,Andreadis,T.G.	Armstrong et al.	The Connecticut Agricultural Experiment Station
EF681855	EF681855.1	25-97	XXXX-XX-XX	North America	USA			822		2008-01-07	2008-01-07		Armstrong,P.M.,Andreadis,T.G.	Armstrong et al.	The Connecticut Agricultural Experiment Station
EF681856	EF681856.1	29-97	XXXX-XX-XX	North America	USA			819		2008-01-07	2008-01-07		Armstrong,P.M.,Andreadis,T.G.	Armstrong et al.	The Connecticut Agricultural Experiment Station
EF681857	EF681857.1	423-99	XXXX-XX-XX	North America	USA			822		2008-01-07	2008-01-07		Armstrong,P.M.,Andreadis,T.G.	Armstrong et al.	The Connecticut Agricultural Experiment Station
EF681858	EF681858.1	1262-98	XXXX-XX-XX	North America	USA			819		2008-01-07	2008-01-07		Armstrong,P.M.,Andreadis,T.G.	Armstrong et al.	The Connecticut Agricultural Experiment Station
EF681859	EF681859.1	3438-06	XXXX-XX-XX	North America	USA			822		2008-01-07	2008-01-07		Armstrong,P.M.,Andreadis,T.G.	Armstrong et al.	The Connecticut Agricultural Experiment Station
EF687021	EF687021.1	13995-03	XXXX-XX-XX	North America	USA			410		2008-01-07	2008-01-07		Armstrong,P.M.,Andreadis,T.G.	Armstrong et al.	The Connecticut Agricultural Experiment Station
EF687022	EF687022.1	368-99	XXXX-XX-XX	North America	USA			410		2008-01-07	2008-01-07		Armstrong,P.M.,Andreadis,T.G.	Armstrong et al.	The Connecticut Agricultural Experiment Station
EF687023	EF687023.1	2286-00	XXXX-XX-XX	North America	USA			410		2008-01-07	2008-01-07		Armstrong,P.M.,Andreadis,T.G.	Armstrong et al.	The Connecticut Agricultural Experiment Station
EF687024	EF687024.1	468-04	XXXX-XX-XX	North America	USA			410		2008-01-07	2008-01-07		Armstrong,P.M.,Andreadis,T.G.	Armstrong et al.	The Connecticut Agricultural Experiment Station
EF687025	EF687025.1	779-98	XXXX-XX-XX	North America	USA			410		2008-01-07	2008-01-07		Armstrong,P.M.,Andreadis,T.G.	Armstrong et al.	The Connecticut Agricultural Experiment Station
EF687026	EF687026.1	275-01	XXXX-XX-XX	North America	USA			410		2008-01-07	2008-01-07		Armstrong,P.M.,Andreadis,T.G.	Armstrong et al.	The Connecticut Agricultural Experiment Station
EF687027	EF687027.1	1441-04	XXXX-XX-XX	North America	USA			410		2008-01-07	2008-01-07		Armstrong,P.M.,Andreadis,T.G.	Armstrong et al.	The Connecticut Agricultural Experiment Station
EF687028	EF687028.1	339-05	XXXX-XX-XX	North America	USA			410		2008-01-07	2008-01-07		Armstrong,P.M.,Andreadis,T.G.	Armstrong et al.	The Connecticut Agricultural Experiment Station
EF687029	EF687029.1	2179-00	XXXX-XX-XX	North America	USA			410		2008-01-07	2008-01-07		Armstrong,P.M.,Andreadis,T.G.	Armstrong et al.	The Connecticut Agricultural Experiment Station
EF687030	EF687030.1	3324-04	XXXX-XX-XX	North America	USA			410		2008-01-07	2008-01-07		Armstrong,P.M.,Andreadis,T.G.	Armstrong et al.	The Connecticut Agricultural Experiment Station
EF687031	EF687031.1	810-98	XXXX-XX-XX	North America	USA			410		2008-01-07	2008-01-07		Armstrong,P.M.,Andreadis,T.G.	Armstrong et al.	The Connecticut Agricultural Experiment Station
EF687032	EF687032.1	4910-02	XXXX-XX-XX	North America	USA			410		2008-01-07	2008-01-07		Armstrong,P.M.,Andreadis,T.G.	Armstrong et al.	The Connecticut Agricultural Experiment Station
EF687033	EF687033.1	4832-01	XXXX-XX-XX	North America	USA			410		2008-01-07	2008-01-07		Armstrong,P.M.,Andreadis,T.G.	Armstrong et al.	The Connecticut Agricultural Experiment Station
EF687034	EF687034.1	811-00	XXXX-XX-XX	North America	USA			410		2008-01-07	2008-01-07		Armstrong,P.M.,Andreadis,T.G.	Armstrong et al.	The Connecticut Agricultural Experiment Station
EF687035	EF687035.1	978-99	XXXX-XX-XX	North America	USA			410		2008-01-07	2008-01-07		Armstrong,P.M.,Andreadis,T.G.	Armstrong et al.	The Connecticut Agricultural Experiment Station
EF687036	EF687036.1	928-00	XXXX-XX-XX	North America	USA			410		2008-01-07	2008-01-07		Armstrong,P.M.,Andreadis,T.G.	Armstrong et al.	The Connecticut Agricultural Experiment Station
EF687037	EF687037.1	1044-05	XXXX-XX-XX	North America	USA			410		2008-01-07	2008-01-07		Armstrong,P.M.,Andreadis,T.G.	Armstrong et al.	The Connecticut Agricultural Experiment Station
EF687038	EF687038.1	1064-03	XXXX-XX-XX	North America	USA			410		2008-01-07	2008-01-07		Armstrong,P.M.,Andreadis,T.G.	Armstrong et al.	The Connecticut Agricultural Experiment Station
EF687039	EF687039.1	1425-02	XXXX-XX-XX	North America	USA			410		2008-01-07	2008-01-07		Armstrong,P.M.,Andreadis,T.G.	Armstrong et al.	The Connecticut Agricultural Experiment Station
EF687040	EF687040.1	1627-04	XXXX-XX-XX	North America	USA			410		2008-01-07	2008-01-07		Armstrong,P.M.,Andreadis,T.G.	Armstrong et al.	The Connecticut Agricultural Experiment Station
EF687041	EF687041.1	1697-03	XXXX-XX-XX	North America	USA			410		2008-01-07	2008-01-07		Armstrong,P.M.,Andreadis,T.G.	Armstrong et al.	The Connecticut Agricultural Experiment Station
EF687042	EF687042.1	1810-02	XXXX-XX-XX	North America	USA			410		2008-01-07	2008-01-07		Armstrong,P.M.,Andreadis,T.G.	Armstrong et al.	The Connecticut Agricultural Experiment Station
EF687043	EF687043.1	2274-05	XXXX-XX-XX	North America	USA			410		2008-01-07	2008-01-07		Armstrong,P.M.,Andreadis,T.G.	Armstrong et al.	The Connecticut Agricultural Experiment Station
EF687044	EF687044.1	2707-01	XXXX-XX-XX	North America	USA			410		2008-01-07	2008-01-07		Armstrong,P.M.,Andreadis,T.G.	Armstrong et al.	The Connecticut Agricultural Experiment Station
EF687045	EF687045.1	2718-01	XXXX-XX-XX	North America	USA			410		2008-01-07	2008-01-07		Armstrong,P.M.,Andreadis,T.G.	Armstrong et al.	The Connecticut Agricultural Experiment Station
EF687046	EF687046.1	2384-98	XXXX-XX-XX	North America	USA			410		2008-01-07	2008-01-07		Armstrong,P.M.,Andreadis,T.G.	Armstrong et al.	The Connecticut Agricultural Experiment Station
EF687047	EF687047.1	3280-03	XXXX-XX-XX	North America	USA			410		2008-01-07	2008-01-07		Armstrong,P.M.,Andreadis,T.G.	Armstrong et al.	The Connecticut Agricultural Experiment Station
EF687048	EF687048.1	3573-03	XXXX-XX-XX	North America	USA			410		2008-01-07	2008-01-07		Armstrong,P.M.,Andreadis,T.G.	Armstrong et al.	The Connecticut Agricultural Experiment Station
EF687049	EF687049.1	3682-00	XXXX-XX-XX	North America	USA			410		2008-01-07	2008-01-07		Armstrong,P.M.,Andreadis,T.G.	Armstrong et al.	The Connecticut Agricultural Experiment Station
EF687050	EF687050.1	3836-05	XXXX-XX-XX	North America	USA			410		2008-01-07	2008-01-07		Armstrong,P.M.,Andreadis,T.G.	Armstrong et al.	The Connecticut Agricultural Experiment Station
EF687051	EF687051.1	4148-03	XXXX-XX-XX	North America	USA			410		2008-01-07	2008-01-07		Armstrong,P.M.,Andreadis,T.G.	Armstrong et al.	The Connecticut Agricultural Experiment Station
EF687052	EF687052.1	4473-00	XXXX-XX-XX	North America	USA			410		2008-01-07	2008-01-07		Armstrong,P.M.,Andreadis,T.G.	Armstrong et al.	The Connecticut Agricultural Experiment Station
EF687053	EF687053.1	4742-04	XXXX-XX-XX	North America	USA			410		2008-01-07	2008-01-07		Armstrong,P.M.,Andreadis,T.G.	Armstrong et al.	The Connecticut Agricultural Experiment Station
EF687054	EF687054.1	5592-02	XXXX-XX-XX	North America	USA			410		2008-01-07	2008-01-07		Armstrong,P.M.,Andreadis,T.G.	Armstrong et al.	The Connecticut Agricultural Experiment Station
EF687055	EF687055.1	6163-03	XXXX-XX-XX	North America	USA			410		2008-01-07	2008-01-07		Armstrong,P.M.,Andreadis,T.G.	Armstrong et al.	The Connecticut Agricultural Experiment Station
EF687056	EF687056.1	7101-03	XXXX-XX-XX	North America	USA			410		2008-01-07	2008-01-07		Armstrong,P.M.,Andreadis,T.G.	Armstrong et al.	The Connecticut Agricultural Experiment Station
EF687057	EF687057.1	8011-03	XXXX-XX-XX	North America	USA			410		2008-01-07	2008-01-07		Armstrong,P.M.,Andreadis,T.G.	Armstrong et al.	The Connecticut Agricultural Experiment Station
EF687058	EF687058.1	8536-03	XXXX-XX-XX	North America	USA			410		2008-01-07	2008-01-07		Armstrong,P.M.,Andreadis,T.G.	Armstrong et al.	The Connecticut Agricultural Experiment Station
EF687059	EF687059.1	11497-03	XXXX-XX-XX	North America	USA			410		2008-01-07	2008-01-07		Armstrong,P.M.,Andreadis,T.G.	Armstrong et al.	The Connecticut Agricultural Experiment Station
EF687060	EF687060.1	2989-06	XXXX-XX-XX	North America	USA			410		2008-01-07	2008-01-07		Armstrong,P.M.,Andreadis,T.G.	Armstrong et al.	The Connecticut Agricultural Experiment Station
EF687061	EF687061.1	423-99	XXXX-XX-XX	North America	USA			410		2008-01-07	2008-01-07		Armstrong,P.M.,Andreadis,T.G.	Armstrong et al.	The Connecticut Agricultural Experiment Station
EF687062	EF687062.1	515-99	XXXX-XX-XX	North America	USA			410		2008-01-07	2008-01-07		Armstrong,P.M.,Andreadis,T.G.	Armstrong et al.	The Connecticut Agricultural Experiment Station
EF687063	EF687063.1	1369-02	XXXX-XX-XX	North America	USA			410		2008-01-07	2008-01-07		Armstrong,P.M.,Andreadis,T.G.	Armstrong et al.	The Connecticut Agricultural Experiment Station
EF687064	EF687064.1	4078-06	XXXX-XX-XX	North America	USA			410		2008-01-07	2008-01-07		Armstrong,P.M.,Andreadis,T.G.	Armstrong et al.	The Connecticut Agricultural Experiment Station
EF687065	EF687065.1	11-92	XXXX-XX-XX	North America	USA			410		2008-01-07	2008-01-07		Armstrong,P.M.,Andreadis,T.G.	Armstrong et al.	The Connecticut Agricultural Experiment Station
EF687066	EF687066.1	23-97	XXXX-XX-XX	North America	USA			410		2008-01-07	2008-01-07		Armstrong,P.M.,Andreadis,T.G.	Armstrong et al.	The Connecticut Agricultural Experiment Station
EF687067	EF687067.1	29-97	XXXX-XX-XX	North America	USA			410		2008-01-07	2008-01-07		Armstrong,P.M.,Andreadis,T.G.	Armstrong et al.	The Connecticut Agricultural Experiment Station
EF687068	EF687068.1	1262-98	XXXX-XX-XX	North America	USA			410		2008-01-07	2008-01-07		Armstrong,P.M.,Andreadis,T.G.	Armstrong et al.	The Connecticut Agricultural Experiment Station
EF687069	EF687069.1	1472-05	XXXX-XX-XX	North America	USA			410		2008-01-07	2008-01-07		Armstrong,P.M.,Andreadis,T.G.	Armstrong et al.	The Connecticut Agricultural Experiment Station
EF687070	EF687070.1	25-97	XXXX-XX-XX	North America	USA			410		2008-01-07	2008-01-07		Armstrong,P.M.,Andreadis,T.G.	Armstrong et al.	The Connecticut Agricultural Experiment Station
EF687071	EF687071.1	4095-06	XXXX-XX-XX	North America	USA			410		2008-01-07	2008-01-07		Armstrong,P.M.,Andreadis,T.G.	Armstrong et al.	The Connecticut Agricultural Experiment Station
EF687072	EF687072.1	1385-06	XXXX-XX-XX	North America	USA			410		2008-01-07	2008-01-07		Armstrong,P.M.,Andreadis,T.G.	Armstrong et al.	The Connecticut Agricultural Experiment Station
EF687073	EF687073.1	3381-06	XXXX-XX-XX	North America	USA			410		2008-01-07	2008-01-07		Armstrong,P.M.,Andreadis,T.G.	Armstrong et al.	The Connecticut Agricultural Experiment Station
EF687074	EF687074.1	3438-06	XXXX-XX-XX	North America	USA			410		2008-01-07	2008-01-07		Armstrong,P.M.,Andreadis,T.G.	Armstrong et al.	The Connecticut Agricultural Experiment Station
EF687077	EF687077.1	61V2235	XXXX-XX-XX	North America	USA			410		2008-01-07	2008-01-07		Armstrong,P.M.,Andreadis,T.G.	Armstrong et al.	The Connecticut Agricultural Experiment Station
EF687080	EF687080.1	Simsbury	XXXX-XX-XX	North America	USA			410		2008-01-07	2008-01-07		Armstrong,P.M.,Andreadis,T.G.	Armstrong et al.	The Connecticut Agricultural Experiment Station
EF687081	EF687081.1	1768-98	XXXX-XX-XX	North America	USA			410		2008-01-07	2008-01-07		Armstrong,P.M.,Andreadis,T.G.	Armstrong et al.	The Connecticut Agricultural Experiment Station
EF687082	EF687082.1	5592-02	XXXX-XX-XX	North America	USA			471		2008-01-07	2016-07-23		Armstrong,P.M.,Andreadis,T.G.	Armstrong et al.	The Connecticut Agricultural Experiment Station
EF687083	EF687083.1	368-99	XXXX-XX-XX	North America	USA			471		2008-01-07	2016-07-23		Armstrong,P.M.,Andreadis,T.G.	Armstrong et al.	The Connecticut Agricultural Experiment Station
EF687084	EF687084.1	468-04	XXXX-XX-XX	North America	USA			471		2008-01-07	2016-07-23		Armstrong,P.M.,Andreadis,T.G.	Armstrong et al.	The Connecticut Agricultural Experiment Station
EF687085	EF687085.1	779-98	XXXX-XX-XX	North America	USA			471		2008-01-07	2016-07-23		Armstrong,P.M.,Andreadis,T.G.	Armstrong et al.	The Connecticut Agricultural Experiment Station
EF687086	EF687086.1	810-98	XXXX-XX-XX	North America	USA			471		2008-01-07	2016-07-23		Armstrong,P.M.,Andreadis,T.G.	Armstrong et al.	The Connecticut Agricultural Experiment Station
EF687087	EF687087.1	811-00	XXXX-XX-XX	North America	USA			471		2008-01-07	2016-07-23		Armstrong,P.M.,Andreadis,T.G.	Armstrong et al.	The Connecticut Agricultural Experiment Station
EF687088	EF687088.1	928-00	XXXX-XX-XX	North America	USA			471		2008-01-07	2016-07-23		Armstrong,P.M.,Andreadis,T.G.	Armstrong et al.	The Connecticut Agricultural Experiment Station
EF687089	EF687089.1	1064-03	XXXX-XX-XX	North America	USA			471		2008-01-07	2016-07-23		Armstrong,P.M.,Andreadis,T.G.	Armstrong et al.	The Connecticut Agricultural Experiment Station
EF687090	EF687090.1	1369-02	XXXX-XX-XX	North America	USA			471		2008-01-07	2016-07-23		Armstrong,P.M.,Andreadis,T.G.	Armstrong et al.	The Connecticut Agricultural Experiment Station
EF687091	EF687091.1	1425-02	XXXX-XX-XX	North America	USA			471		2008-01-07	2016-07-23		Armstrong,P.M.,Andreadis,T.G.	Armstrong et al.	The Connecticut Agricultural Experiment Station
EF687092	EF687092.1	1627-04	XXXX-XX-XX	North America	USA			471		2008-01-07	2016-07-23		Armstrong,P.M.,Andreadis,T.G.	Armstrong et al.	The Connecticut Agricultural Experiment Station
EF687093	EF687093.1	1697-03	XXXX-XX-XX	North America	USA			471		2008-01-07	2016-07-23		Armstrong,P.M.,Andreadis,T.G.	Armstrong et al.	The Connecticut Agricultural Experiment Station
EF687094	EF687094.1	1810-02	XXXX-XX-XX	North America	USA			471		2008-01-07	2016-07-23		Armstrong,P.M.,Andreadis,T.G.	Armstrong et al.	The Connecticut Agricultural Experiment Station
EF687095	EF687095.1	2384-98	XXXX-XX-XX	North America	USA			471		2008-01-07	2016-07-23		Armstrong,P.M.,Andreadis,T.G.	Armstrong et al.	The Connecticut Agricultural Experiment Station
EF687096	EF687096.1	2707-01	XXXX-XX-XX	North America	USA			471		2008-01-07	2016-07-23		Armstrong,P.M.,Andreadis,T.G.	Armstrong et al.	The Connecticut Agricultural Experiment Station
EF687097	EF687097.1	2718-01	XXXX-XX-XX	North America	USA			471		2008-01-07	2016-07-23		Armstrong,P.M.,Andreadis,T.G.	Armstrong et al.	The Connecticut Agricultural Experiment Station
EF687098	EF687098.1	3280-03	XXXX-XX-XX	North America	USA			471		2008-01-07	2016-07-23		Armstrong,P.M.,Andreadis,T.G.	Armstrong et al.	The Connecticut Agricultural Experiment Station
EF687099	EF687099.1	3324-04	XXXX-XX-XX	North America	USA			471		2008-01-07	2016-07-23		Armstrong,P.M.,Andreadis,T.G.	Armstrong et al.	The Connecticut Agricultural Experiment Station
EF687100	EF687100.1	3573-03	XXXX-XX-XX	North America	USA			471		2008-01-07	2016-07-23		Armstrong,P.M.,Andreadis,T.G.	Armstrong et al.	The Connecticut Agricultural Experiment Station
EF687101	EF687101.1	1472-05	XXXX-XX-XX	North America	USA			471		2008-01-07	2016-07-23		Armstrong,P.M.,Andreadis,T.G.	Armstrong et al.	The Connecticut Agricultural Experiment Station
EF687102	EF687102.1	339-05	XXXX-XX-XX	North America	USA			471		2008-01-07	2016-07-23		Armstrong,P.M.,Andreadis,T.G.	Armstrong et al.	The Connecticut Agricultural Experiment Station
EF687103	EF687103.1	3836-05	XXXX-XX-XX	North America	USA			471		2008-01-07	2016-07-23		Armstrong,P.M.,Andreadis,T.G.	Armstrong et al.	The Connecticut Agricultural Experiment Station
EF687104	EF687104.1	2274-05	XXXX-XX-XX	North America	USA			471		2008-01-07	2016-07-23		Armstrong,P.M.,Andreadis,T.G.	Armstrong et al.	The Connecticut Agricultural Experiment Station
EF687105	EF687105.1	1044-05	XXXX-XX-XX	North America	USA			471		2008-01-07	2016-07-23		Armstrong,P.M.,Andreadis,T.G.	Armstrong et al.	The Connecticut Agricultural Experiment Station
EF687106	EF687106.1	978-99	XXXX-XX-XX	North America	USA			471		2008-01-07	2016-07-23		Armstrong,P.M.,Andreadis,T.G.	Armstrong et al.	The Connecticut Agricultural Experiment Station
EF687107	EF687107.1	515-99	XXXX-XX-XX	North America	USA			471		2008-01-07	2016-07-23		Armstrong,P.M.,Andreadis,T.G.	Armstrong et al.	The Connecticut Agricultural Experiment Station
EF687108	EF687108.1	275-01	XXXX-XX-XX	North America	USA			471		2008-01-07	2016-07-23		Armstrong,P.M.,Andreadis,T.G.	Armstrong et al.	The Connecticut Agricultural Experiment Station
EF687109	EF687109.1	4910-02	XXXX-XX-XX	North America	USA			471		2008-01-07	2016-07-23		Armstrong,P.M.,Andreadis,T.G.	Armstrong et al.	The Connecticut Agricultural Experiment Station
EF687110	EF687110.1	1441-04	XXXX-XX-XX	North America	USA			471		2008-01-07	2016-07-23		Armstrong,P.M.,Andreadis,T.G.	Armstrong et al.	The Connecticut Agricultural Experiment Station
EF687111	EF687111.1	4832-01	XXXX-XX-XX	North America	USA			471		2008-01-07	2016-07-23		Armstrong,P.M.,Andreadis,T.G.	Armstrong et al.	The Connecticut Agricultural Experiment Station
EF687112	EF687112.1	8536-03	XXXX-XX-XX	North America	USA			471		2008-01-07	2016-07-23		Armstrong,P.M.,Andreadis,T.G.	Armstrong et al.	The Connecticut Agricultural Experiment Station
EF687113	EF687113.1	3682-00	XXXX-XX-XX	North America	USA			471		2008-01-07	2016-07-23		Armstrong,P.M.,Andreadis,T.G.	Armstrong et al.	The Connecticut Agricultural Experiment Station
EF687114	EF687114.1	4148-03	XXXX-XX-XX	North America	USA			471		2008-01-07	2016-07-23		Armstrong,P.M.,Andreadis,T.G.	Armstrong et al.	The Connecticut Agricultural Experiment Station
EF687115	EF687115.1	4473-00	XXXX-XX-XX	North America	USA			471		2008-01-07	2016-07-23		Armstrong,P.M.,Andreadis,T.G.	Armstrong et al.	The Connecticut Agricultural Experiment Station
EF687116	EF687116.1	4742-04	XXXX-XX-XX	North America	USA			471		2008-01-07	2016-07-23		Armstrong,P.M.,Andreadis,T.G.	Armstrong et al.	The Connecticut Agricultural Experiment Station
EF687117	EF687117.1	6163-03	XXXX-XX-XX	North America	USA			471		2008-01-07	2016-07-23		Armstrong,P.M.,Andreadis,T.G.	Armstrong et al.	The Connecticut Agricultural Experiment Station
EF687118	EF687118.1	2286-00	XXXX-XX-XX	North America	USA			471		2008-01-07	2016-07-23		Armstrong,P.M.,Andreadis,T.G.	Armstrong et al.	The Connecticut Agricultural Experiment Station
EF687119	EF687119.1	7101-03	XXXX-XX-XX	North America	USA			471		2008-01-07	2016-07-23		Armstrong,P.M.,Andreadis,T.G.	Armstrong et al.	The Connecticut Agricultural Experiment Station
EF687120	EF687120.1	8011-03	XXXX-XX-XX	North America	USA			471		2008-01-07	2016-07-23		Armstrong,P.M.,Andreadis,T.G.	Armstrong et al.	The Connecticut Agricultural Experiment Station
EF687121	EF687121.1	11497-03	XXXX-XX-XX	North America	USA			471		2008-01-07	2016-07-23		Armstrong,P.M.,Andreadis,T.G.	Armstrong et al.	The Connecticut Agricultural Experiment Station
EF687122	EF687122.1	13995-03	XXXX-XX-XX	North America	USA			471		2008-01-07	2016-07-23		Armstrong,P.M.,Andreadis,T.G.	Armstrong et al.	The Connecticut Agricultural Experiment Station
EF687123	EF687123.1	2179-00	XXXX-XX-XX	North America	USA			471		2008-01-07	2016-07-23		Armstrong,P.M.,Andreadis,T.G.	Armstrong et al.	The Connecticut Agricultural Experiment Station
EF687124	EF687124.1	4095-06	XXXX-XX-XX	North America	USA			471		2008-01-07	2016-07-23		Armstrong,P.M.,Andreadis,T.G.	Armstrong et al.	The Connecticut Agricultural Experiment Station
EF687125	EF687125.1	423-99	XXXX-XX-XX	North America	USA			471		2008-01-07	2016-07-23		Armstrong,P.M.,Andreadis,T.G.	Armstrong et al.	The Connecticut Agricultural Experiment Station
EF687126	EF687126.1	1262-98	XXXX-XX-XX	North America	USA			471		2008-01-07	2016-07-23		Armstrong,P.M.,Andreadis,T.G.	Armstrong et al.	The Connecticut Agricultural Experiment Station
EF687127	EF687127.1	1768-98	XXXX-XX-XX	North America	USA			471		2008-01-07	2016-07-23		Armstrong,P.M.,Andreadis,T.G.	Armstrong et al.	The Connecticut Agricultural Experiment Station
EF687128	EF687128.1	11-92	XXXX-XX-XX	North America	USA			471		2008-01-07	2016-07-23		Armstrong,P.M.,Andreadis,T.G.	Armstrong et al.	The Connecticut Agricultural Experiment Station
EF687129	EF687129.1	23-97	XXXX-XX-XX	North America	USA			471		2008-01-07	2016-07-23		Armstrong,P.M.,Andreadis,T.G.	Armstrong et al.	The Connecticut Agricultural Experiment Station
EF687130	EF687130.1	25-97	XXXX-XX-XX	North America	USA			471		2008-01-07	2016-07-23		Armstrong,P.M.,Andreadis,T.G.	Armstrong et al.	The Connecticut Agricultural Experiment Station
EF687131	EF687131.1	29-97	XXXX-XX-XX	North America	USA			471		2008-01-07	2016-07-23		Armstrong,P.M.,Andreadis,T.G.	Armstrong et al.	The Connecticut Agricultural Experiment Station
EF687132	EF687132.1	1385-06	XXXX-XX-XX	North America	USA			471		2008-01-07	2016-07-23		Armstrong,P.M.,Andreadis,T.G.	Armstrong et al.	The Connecticut Agricultural Experiment Station
EF687133	EF687133.1	2989-06	XXXX-XX-XX	North America	USA			471		2008-01-07	2016-07-23		Armstrong,P.M.,Andreadis,T.G.	Armstrong et al.	The Connecticut Agricultural Experiment Station
EF687134	EF687134.1	3381-06	XXXX-XX-XX	North America	USA			471		2008-01-07	2016-07-23		Armstrong,P.M.,Andreadis,T.G.	Armstrong et al.	The Connecticut Agricultural Experiment Station
EF687135	EF687135.1	3438-06	XXXX-XX-XX	North America	USA			471		2008-01-07	2016-07-23		Armstrong,P.M.,Andreadis,T.G.	Armstrong et al.	The Connecticut Agricultural Experiment Station
EF687136	EF687136.1	4078-06	XXXX-XX-XX	North America	USA			471		2008-01-07	2016-07-23		Armstrong,P.M.,Andreadis,T.G.	Armstrong et al.	The Connecticut Agricultural Experiment Station
EF687137	EF687137.1	Simsbury	XXXX-XX-XX	North America	USA			471		2008-01-07	2016-07-23		Armstrong,P.M.,Andreadis,T.G.	Armstrong et al.	The Connecticut Agricultural Experiment Station
HM007350	HM007350.1	HM007350	1961-XX-XX	North America	USA			991	Culiseta inornata	2010-07-24	2011-04-18		Bennett,R.S.,Nelson,J.T.,Gresko,A.K.,Murphy,B.R.,Whitehead,S.S.	Bennett et al.	NIH, NIAID
HM007351	HM007351.1	JCV/61/CO-cl	1961-XX-XX	North America	USA			4510	Culiseta inornata	2010-07-24	2011-04-18		Bennett,R.S.,Nelson,J.T.,Gresko,A.K.,Murphy,B.R.,Whitehead,S.S.	Bennett et al.	NIH, NIAID
HM007352	HM007352.1	HM007352	1961-XX-XX	North America	USA			6960	Culiseta inornata	2010-07-24	2011-04-18		Bennett,R.S.,Nelson,J.T.,Gresko,A.K.,Murphy,B.R.,Whitehead,S.S.	Bennett et al.	NIH, NIAID
HM007353	HM007353.1	HM007353	2003-XX-XX	North America	USA			986	Ochlerotatus abserratus	2010-07-24	2011-04-18		Bennett,R.S.,Nelson,J.T.,Gresko,A.K.,Murphy,B.R.,Whitehead,S.S.	Bennett et al.	NIH, NIAID
HM007354	HM007354.1	HM007354	2003-XX-XX	North America	USA			4510	Ochlerotatus abserratus	2010-07-24	2011-04-18		Bennett,R.S.,Nelson,J.T.,Gresko,A.K.,Murphy,B.R.,Whitehead,S.S.	Bennett et al.	NIH, NIAID
HM007355	HM007355.1	HM007355	2003-XX-XX	North America	USA			6957	Ochlerotatus abserratus	2010-07-24	2011-04-18		Bennett,R.S.,Nelson,J.T.,Gresko,A.K.,Murphy,B.R.,Whitehead,S.S.	Bennett et al.	NIH, NIAID
HM007356	HM007356.1	HM007356	2004-XX-XX	North America	USA			989	Ochlerotatus canadensis	2010-07-24	2011-04-18		Bennett,R.S.,Nelson,J.T.,Gresko,A.K.,Murphy,B.R.,Whitehead,S.S.	Bennett et al.	NIH, NIAID
HM007357	HM007357.1	HM007357	2004-XX-XX	North America	USA			4509	Ochlerotatus canadensis	2010-07-24	2011-04-18		Bennett,R.S.,Nelson,J.T.,Gresko,A.K.,Murphy,B.R.,Whitehead,S.S.	Bennett et al.	NIH, NIAID
HM007358	HM007358.1	HM007358	2004-XX-XX	North America	USA			6960	Ochlerotatus canadensis	2010-07-24	2011-04-18		Bennett,R.S.,Nelson,J.T.,Gresko,A.K.,Murphy,B.R.,Whitehead,S.S.	Bennett et al.	NIH, NIAID
KM215518	KM215518.1	F1819	2004-08-24	North America	USA			820	Aedes vexans	2014-09-03	2015-02-05		Anderson,J.F.,Main,A.J.,Armstrong,P.M.,Andreadis,T.G.,Ferrandino,F.J.	Anderson et al.	The Connecticut Agricultural Experiment Station, Entomology
KM215519	KM215519.1	F6626	2004-07-12	North America	USA			820	Aedes vexans	2014-09-03	2015-02-05		Anderson,J.F.,Main,A.J.,Armstrong,P.M.,Andreadis,T.G.,Ferrandino,F.J.	Anderson et al.	The Connecticut Agricultural Experiment Station, Entomology
KM215520	KM215520.1	ND0283	2003-07-04	North America	USA			821	Aedes vexans	2014-09-03	2015-02-05		Anderson,J.F.,Main,A.J.,Armstrong,P.M.,Andreadis,T.G.,Ferrandino,F.J.	Anderson et al.	The Connecticut Agricultural Experiment Station, Entomology
KM215521	KM215521.1	ND6194	2003-07-05	North America	USA			821	Aedes vexans	2014-09-03	2015-02-05		Anderson,J.F.,Main,A.J.,Armstrong,P.M.,Andreadis,T.G.,Ferrandino,F.J.	Anderson et al.	The Connecticut Agricultural Experiment Station, Entomology
KM215522	KM215522.1	W6701	2005-07-06	North America	USA			821	Aedes vexans	2014-09-03	2015-02-05		Anderson,J.F.,Main,A.J.,Armstrong,P.M.,Andreadis,T.G.,Ferrandino,F.J.	Anderson et al.	The Connecticut Agricultural Experiment Station, Entomology
KM215523	KM215523.1	W14530	2005-07-12	North America	USA			820	Aedes vexans	2014-09-03	2015-02-05		Anderson,J.F.,Main,A.J.,Armstrong,P.M.,Andreadis,T.G.,Ferrandino,F.J.	Anderson et al.	The Connecticut Agricultural Experiment Station, Entomology
KM215524	KM215524.1	W16690	2005-07-19	North America	USA			820	Aedes vexans	2014-09-03	2015-02-05		Anderson,J.F.,Main,A.J.,Armstrong,P.M.,Andreadis,T.G.,Ferrandino,F.J.	Anderson et al.	The Connecticut Agricultural Experiment Station, Entomology
KM215525	KM215525.1	W18699	2005-07-19	North America	USA			824	Aedes vexans	2014-09-03	2015-02-05		Anderson,J.F.,Main,A.J.,Armstrong,P.M.,Andreadis,T.G.,Ferrandino,F.J.	Anderson et al.	The Connecticut Agricultural Experiment Station, Entomology
KM215526	KM215526.1	W15316	2006-07-12	North America	USA			820	Aedes vexans	2014-09-03	2015-02-05		Anderson,J.F.,Main,A.J.,Armstrong,P.M.,Andreadis,T.G.,Ferrandino,F.J.	Anderson et al.	The Connecticut Agricultural Experiment Station, Entomology
KM215527	KM215527.1	W17680	2005-07-19	North America	USA			821	Aedes vexans	2014-09-03	2015-02-05		Anderson,J.F.,Main,A.J.,Armstrong,P.M.,Andreadis,T.G.,Ferrandino,F.J.	Anderson et al.	The Connecticut Agricultural Experiment Station, Entomology
KM215528	KM215528.1	W19543	2005-07-26	North America	USA			822	Aedes vexans	2014-09-03	2015-02-05		Anderson,J.F.,Main,A.J.,Armstrong,P.M.,Andreadis,T.G.,Ferrandino,F.J.	Anderson et al.	The Connecticut Agricultural Experiment Station, Entomology
KM215529	KM215529.1	W19925	2005-08-02	North America	USA			820	Aedes vexans	2014-09-03	2015-02-05		Anderson,J.F.,Main,A.J.,Armstrong,P.M.,Andreadis,T.G.,Ferrandino,F.J.	Anderson et al.	The Connecticut Agricultural Experiment Station, Entomology
KM215530	KM215530.1	W20764	2005-08-02	North America	USA			820	Aedes vexans	2014-09-03	2015-02-05		Anderson,J.F.,Main,A.J.,Armstrong,P.M.,Andreadis,T.G.,Ferrandino,F.J.	Anderson et al.	The Connecticut Agricultural Experiment Station, Entomology
KM215531	KM215531.1	W22352	2005-08-09	North America	USA			822	Aedes vexans	2014-09-03	2015-02-05		Anderson,J.F.,Main,A.J.,Armstrong,P.M.,Andreadis,T.G.,Ferrandino,F.J.	Anderson et al.	The Connecticut Agricultural Experiment Station, Entomology
KM215532	KM215532.1	F1829	2004-08-24	North America	USA			820	Ochlerotatus dorsalis	2014-09-03	2015-02-05		Anderson,J.F.,Main,A.J.,Armstrong,P.M.,Andreadis,T.G.,Ferrandino,F.J.	Anderson et al.	The Connecticut Agricultural Experiment Station, Entomology
KM215533	KM215533.1	F6228	2004-07-12	North America	USA			820	Culex tarsalis	2014-09-03	2015-02-05		Anderson,J.F.,Main,A.J.,Armstrong,P.M.,Andreadis,T.G.,Ferrandino,F.J.	Anderson et al.	The Connecticut Agricultural Experiment Station, Entomology
KM215534	KM215534.1	F6235	2004-07-12	North America	USA			820	Ochlerotatus dorsalis	2014-09-03	2015-02-05		Anderson,J.F.,Main,A.J.,Armstrong,P.M.,Andreadis,T.G.,Ferrandino,F.J.	Anderson et al.	The Connecticut Agricultural Experiment Station, Entomology
KM215535	KM215535.1	F10095	2004-07-29	North America	USA			822	Ochlerotatus dorsalis	2014-09-03	2015-02-05		Anderson,J.F.,Main,A.J.,Armstrong,P.M.,Andreadis,T.G.,Ferrandino,F.J.	Anderson et al.	The Connecticut Agricultural Experiment Station, Entomology
KM215536	KM215536.1	F13418	2005-08-08	North America	USA			825	Ochlerotatus dorsalis	2014-09-03	2015-02-05		Anderson,J.F.,Main,A.J.,Armstrong,P.M.,Andreadis,T.G.,Ferrandino,F.J.	Anderson et al.	The Connecticut Agricultural Experiment Station, Entomology
KM215537	KM215537.1	F14162	2005-08-26	North America	USA			820	Culex tarsalis	2014-09-03	2015-02-05		Anderson,J.F.,Main,A.J.,Armstrong,P.M.,Andreadis,T.G.,Ferrandino,F.J.	Anderson et al.	The Connecticut Agricultural Experiment Station, Entomology
KM215538	KM215538.1	F14183	2005-08-26	North America	USA			820	Culiseta inornata	2014-09-03	2015-02-05		Anderson,J.F.,Main,A.J.,Armstrong,P.M.,Andreadis,T.G.,Ferrandino,F.J.	Anderson et al.	The Connecticut Agricultural Experiment Station, Entomology
KM215539	KM215539.1	F14278	2005-08-30	North America	USA			821	Culiseta inornata	2014-09-03	2015-02-05		Anderson,J.F.,Main,A.J.,Armstrong,P.M.,Andreadis,T.G.,Ferrandino,F.J.	Anderson et al.	The Connecticut Agricultural Experiment Station, Entomology
KM215540	KM215540.1	F16109	2005-09-12	North America	USA			821	Ochlerotatus dorsalis	2014-09-03	2015-02-05		Anderson,J.F.,Main,A.J.,Armstrong,P.M.,Andreadis,T.G.,Ferrandino,F.J.	Anderson et al.	The Connecticut Agricultural Experiment Station, Entomology
KM215541	KM215541.1	W8270	2005-07-05	North America	USA			820	Culiseta inornata	2014-09-03	2015-02-05		Anderson,J.F.,Main,A.J.,Armstrong,P.M.,Andreadis,T.G.,Ferrandino,F.J.	Anderson et al.	The Connecticut Agricultural Experiment Station, Entomology
KM215542	KM215542.1	W16455	2006-07-26	North America	USA			819	Ochlerotatus dorsalis	2014-09-03	2015-02-05		Anderson,J.F.,Main,A.J.,Armstrong,P.M.,Andreadis,T.G.,Ferrandino,F.J.	Anderson et al.	The Connecticut Agricultural Experiment Station, Entomology
KM215543	KM215543.1	W18738	2005-07-19	North America	USA			821	Culiseta inornata	2014-09-03	2015-02-05		Anderson,J.F.,Main,A.J.,Armstrong,P.M.,Andreadis,T.G.,Ferrandino,F.J.	Anderson et al.	The Connecticut Agricultural Experiment Station, Entomology
KM215544	KM215544.1	F4276	2004-07-29	North America	USA			823	Ochlerotatus trivittatus	2014-09-03	2015-02-05		Anderson,J.F.,Main,A.J.,Armstrong,P.M.,Andreadis,T.G.,Ferrandino,F.J.	Anderson et al.	The Connecticut Agricultural Experiment Station, Entomology
KM215545	KM215545.1	W19962	2005-08-02	North America	USA			820	Ochlerotatus dorsalis	2014-09-03	2015-02-05		Anderson,J.F.,Main,A.J.,Armstrong,P.M.,Andreadis,T.G.,Ferrandino,F.J.	Anderson et al.	The Connecticut Agricultural Experiment Station, Entomology
KM215546	KM215546.1	F5609	2004-07-01	North America	USA			821	Ochlerotatus trivittatus	2014-09-03	2015-02-05		Anderson,J.F.,Main,A.J.,Armstrong,P.M.,Andreadis,T.G.,Ferrandino,F.J.	Anderson et al.	The Connecticut Agricultural Experiment Station, Entomology
KM215547	KM215547.1	F7826	2005-07-08	North America	USA			820	Ochlerotatus sticticus	2014-09-03	2015-02-05		Anderson,J.F.,Main,A.J.,Armstrong,P.M.,Andreadis,T.G.,Ferrandino,F.J.	Anderson et al.	The Connecticut Agricultural Experiment Station, Entomology
KM215548	KM215548.1	F7932	2005-08-08	North America	USA			820	Ochlerotatus trivittatus	2014-09-03	2015-02-05		Anderson,J.F.,Main,A.J.,Armstrong,P.M.,Andreadis,T.G.,Ferrandino,F.J.	Anderson et al.	The Connecticut Agricultural Experiment Station, Entomology
KM215549	KM215549.1	F8532	2005-07-08	North America	USA			820	Ochlerotatus trivittatus	2014-09-03	2015-02-05		Anderson,J.F.,Main,A.J.,Armstrong,P.M.,Andreadis,T.G.,Ferrandino,F.J.	Anderson et al.	The Connecticut Agricultural Experiment Station, Entomology
KM215550	KM215550.1	F10720	2005-07-13	North America	USA			820	Ochlerotatus trivittatus	2014-09-03	2015-02-05		Anderson,J.F.,Main,A.J.,Armstrong,P.M.,Andreadis,T.G.,Ferrandino,F.J.	Anderson et al.	The Connecticut Agricultural Experiment Station, Entomology
KM215551	KM215551.1	ND1300	2003-07-15	North America	USA			820	Ochlerotatus trivittatus	2014-09-03	2015-02-05		Anderson,J.F.,Main,A.J.,Armstrong,P.M.,Andreadis,T.G.,Ferrandino,F.J.	Anderson et al.	The Connecticut Agricultural Experiment Station, Entomology
KM215552	KM215552.1	W13135	2005-07-12	North America	USA			819	Ochlerotatus trivittatus	2014-09-03	2015-02-05		Anderson,J.F.,Main,A.J.,Armstrong,P.M.,Andreadis,T.G.,Ferrandino,F.J.	Anderson et al.	The Connecticut Agricultural Experiment Station, Entomology
KM215553	KM215553.1	W16456	2006-07-26	North America	USA			819	Ochlerotatus flavescens	2014-09-03	2015-02-05		Anderson,J.F.,Main,A.J.,Armstrong,P.M.,Andreadis,T.G.,Ferrandino,F.J.	Anderson et al.	The Connecticut Agricultural Experiment Station, Entomology
KM215554	KM215554.1	W16590	2005-07-19	North America	USA			819	Ochlerotatus trivittatus	2014-09-03	2015-02-05		Anderson,J.F.,Main,A.J.,Armstrong,P.M.,Andreadis,T.G.,Ferrandino,F.J.	Anderson et al.	The Connecticut Agricultural Experiment Station, Entomology
KM215555	KM215555.1	W19651	2005-07-26	North America	USA			821	Ochlerotatus trivittatus	2014-09-03	2015-02-05		Anderson,J.F.,Main,A.J.,Armstrong,P.M.,Andreadis,T.G.,Ferrandino,F.J.	Anderson et al.	The Connecticut Agricultural Experiment Station, Entomology
KM215556	KM215556.1	F3406	2004-07-08	North America	USA			820	Aedes vexans	2014-09-03	2015-02-05		Anderson,J.F.,Main,A.J.,Armstrong,P.M.,Andreadis,T.G.,Ferrandino,F.J.	Anderson et al.	The Connecticut Agricultural Experiment Station, Entomology
KM215557	KM215557.1	F6577	2005-07-02	North America	USA			822	Aedes vexans	2014-09-03	2015-02-05		Anderson,J.F.,Main,A.J.,Armstrong,P.M.,Andreadis,T.G.,Ferrandino,F.J.	Anderson et al.	The Connecticut Agricultural Experiment Station, Entomology
KM215558	KM215558.1	ND374	2003-07-04	North America	USA			820	Ochlerotatus dorsalis	2014-09-03	2015-02-05		Anderson,J.F.,Main,A.J.,Armstrong,P.M.,Andreadis,T.G.,Ferrandino,F.J.	Anderson et al.	The Connecticut Agricultural Experiment Station, Entomology
KM215559	KM215559.1	W18393	2005-07-19	North America	USA			824	Aedes vexans	2014-09-03	2015-02-05		Anderson,J.F.,Main,A.J.,Armstrong,P.M.,Andreadis,T.G.,Ferrandino,F.J.	Anderson et al.	The Connecticut Agricultural Experiment Station, Entomology
KM215560	KM215560.1	W18901	2005-07-19	North America	USA			824	Aedes vexans	2014-09-03	2015-02-05		Anderson,J.F.,Main,A.J.,Armstrong,P.M.,Andreadis,T.G.,Ferrandino,F.J.	Anderson et al.	The Connecticut Agricultural Experiment Station, Entomology
KM215561	KM215561.1	W23697	2005-08-23	North America	USA			820	Aedes vexans	2014-09-03	2015-02-05		Anderson,J.F.,Main,A.J.,Armstrong,P.M.,Andreadis,T.G.,Ferrandino,F.J.	Anderson et al.	The Connecticut Agricultural Experiment Station, Entomology
KX817315	KX817315.1	KX817315	1961-XX-XX	North America	USA	Colorado		6957	Culiseta inornata	2016-11-07	2016-11-07		Hughes,H.R.,Lanciotti,R.S.,Blair,C.D.,Lambert,A.J.	Hughes et al.	Centers for Disease Control and Prevention, Division of Vector-borne Diseases
KX817316	KX817316.1	KX817316	1961-XX-XX	North America	USA	Colorado		4510	Culiseta inornata	2016-11-07	2016-11-07		Hughes,H.R.,Lanciotti,R.S.,Blair,C.D.,Lambert,A.J.	Hughes et al.	Centers for Disease Control and Prevention, Division of Vector-borne Diseases
KX817317	KX817317.1	KX817317	1961-XX-XX	North America	USA	Colorado		991	Culiseta inornata	2016-11-07	2016-11-07		Hughes,H.R.,Lanciotti,R.S.,Blair,C.D.,Lambert,A.J.	Hughes et al.	Centers for Disease Control and Prevention, Division of Vector-borne Diseases
MH370815	MH370815.1	L36708	1966-XX-XX	North America	USA	Simsbury	Ct	6960	Ochlerotatus abserratus	2018-09-22	2018-09-22		Hughes,H.R.,Russell,B.	Hughes et al.	Centers for Disease Control and Prevention, Division of Vector-borne Diseases
MH370816	MH370816.1	L36708	1966-XX-XX	North America	USA	Simsbury	Ct	4387	Ochlerotatus abserratus	2018-09-22	2018-09-22		Hughes,H.R.,Russell,B.	Hughes et al.	Centers for Disease Control and Prevention, Division of Vector-borne Diseases
MH370817	MH370817.1	L36708	1966-XX-XX	North America	USA	Simsbury	Ct	989	Ochlerotatus abserratus	2018-09-22	2018-09-22		Hughes,H.R.,Russell,B.	Hughes et al.	Centers for Disease Control and Prevention, Division of Vector-borne Diseases
MH370818	MH370818.1	MN256-260	1979-XX-XX	North America	Canada	Manitoba		6905	Aedes sp.	2018-09-22	2018-09-22		Hughes,H.R.,Russell,B.	Hughes et al.	Centers for Disease Control and Prevention, Division of Vector-borne Diseases
MH370819	MH370819.1	MN256-260	1979-XX-XX	North America	Canada	Manitoba		4546	Aedes sp.	2018-09-22	2018-09-22		Hughes,H.R.,Russell,B.	Hughes et al.	Centers for Disease Control and Prevention, Division of Vector-borne Diseases
MH370820	MH370820.1	MN256-260	1979-XX-XX	North America	Canada	Manitoba		956	Aedes sp.	2018-09-22	2018-09-22		Hughes,H.R.,Russell,B.	Hughes et al.	Centers for Disease Control and Prevention, Division of Vector-borne Diseases
MH900530	MH900530.1	NM5-4BU	1977-XX-XX	North America	USA	New Mexico		6960	Culiseta inornata	2019-04-29	2019-04-29		Hughes,H.R.,Russell,B.	Hughes et al.	Centers for Disease Control and Prevention, Division of Vector-borne Diseases
MH900531	MH900531.1	NM5-4BU	1977-XX-XX	North America	USA	New Mexico		4510	Culiseta inornata	2019-04-29	2019-04-29		Hughes,H.R.,Russell,B.	Hughes et al.	Centers for Disease Control and Prevention, Division of Vector-borne Diseases
MH900532	MH900532.1	NM5-4BU	1977-XX-XX	North America	USA	New Mexico		991	Culiseta inornata	2019-04-29	2019-04-29		Hughes,H.R.,Russell,B.	Hughes et al.	Centers for Disease Control and Prevention, Division of Vector-borne Diseases
MN135989	MN135989.1	16/MA/01	2016-06-XX	North America	USA	Bristol County	Massachusetts	902	Ochlerotatus canadensis	2019-09-02	2020-04-23		Kinsella,C.M.,Paras,M.L.,Smole,S.,Mehta,S.,Ganesh,V.,Chen,L.H.,McQuillen,D.P.,Shah,R.,Chan,J.,Osborne,M.,Hennigan,S.,Halpern-Smith,F.,Brown,C.M.,Sabeti,P.,Piantadosi,A.	Kinsella et al.	Amsterdam UMC, location AMC, Medical Microbiology
MN135990	MN135990.1	16/MA/01	2016-06-XX	North America	USA	Bristol County	Massachusetts	4381	Ochlerotatus canadensis	2019-09-02	2020-04-23		Kinsella,C.M.,Paras,M.L.,Smole,S.,Mehta,S.,Ganesh,V.,Chen,L.H.,McQuillen,D.P.,Shah,R.,Chan,J.,Osborne,M.,Hennigan,S.,Halpern-Smith,F.,Brown,C.M.,Sabeti,P.,Piantadosi,A.	Kinsella et al.	Amsterdam UMC, location AMC, Medical Microbiology
MN135991	MN135991.1	16/MA/01	2016-06-XX	North America	USA	Bristol County	Massachusetts	6856	Ochlerotatus canadensis	2019-09-02	2020-04-23		Kinsella,C.M.,Paras,M.L.,Smole,S.,Mehta,S.,Ganesh,V.,Chen,L.H.,McQuillen,D.P.,Shah,R.,Chan,J.,Osborne,M.,Hennigan,S.,Halpern-Smith,F.,Brown,C.M.,Sabeti,P.,Piantadosi,A.	Kinsella et al.	Amsterdam UMC, location AMC, Medical Microbiology
MW072986	MW072986.1	JCV_B155_CSF_S	2018-XX-XX	North America	USA			989	Homo sapiens	2021-02-24	2021-02-24		Solomon,I.H.,Ganesh,V.S.,Yu,G.,Deng,X.D.,Wilson,M.R.,Miller,S.,Milligan,T.A.,Mukerji,S.S.,Mathewson,A.,Linxweiler,J.,Morse,D.,Ritter,J.M.,Staples,J.E.,Hughes,H.,Gould,C.V.,Sabeti,P.C.,Chiu,C.Y.,Piantadosi,A.	Solomon et al.	Emory University School of Medicine, Pathology and Laboratory Medicine
MW072987	MW072987.1	JCV_B155_CSF_M	2018-XX-XX	North America	USA			4215	Homo sapiens	2021-02-24	2021-02-24		Solomon,I.H.,Ganesh,V.S.,Yu,G.,Deng,X.D.,Wilson,M.R.,Miller,S.,Milligan,T.A.,Mukerji,S.S.,Mathewson,A.,Linxweiler,J.,Morse,D.,Ritter,J.M.,Staples,J.E.,Hughes,H.,Gould,C.V.,Sabeti,P.C.,Chiu,C.Y.,Piantadosi,A.	Solomon et al.	Emory University School of Medicine, Pathology and Laboratory Medicine
MW072988	MW072988.1	JCV_B155_CSF_L	2018-XX-XX	North America	USA			6911	Homo sapiens	2021-02-24	2021-02-24		Solomon,I.H.,Ganesh,V.S.,Yu,G.,Deng,X.D.,Wilson,M.R.,Miller,S.,Milligan,T.A.,Mukerji,S.S.,Mathewson,A.,Linxweiler,J.,Morse,D.,Ritter,J.M.,Staples,J.E.,Hughes,H.,Gould,C.V.,Sabeti,P.C.,Chiu,C.Y.,Piantadosi,A.	Solomon et al.	Emory University School of Medicine, Pathology and Laboratory Medicine
MW072989	MW072989.1	JCV_B155_Cortex_frozen_S	2018-XX-XX	North America	USA			989	Homo sapiens	2021-02-24	2021-02-24		Solomon,I.H.,Ganesh,V.S.,Yu,G.,Deng,X.D.,Wilson,M.R.,Miller,S.,Milligan,T.A.,Mukerji,S.S.,Mathewson,A.,Linxweiler,J.,Morse,D.,Ritter,J.M.,Staples,J.E.,Hughes,H.,Gould,C.V.,Sabeti,P.C.,Chiu,C.Y.,Piantadosi,A.	Solomon et al.	Emory University School of Medicine, Pathology and Laboratory Medicine
MW072990	MW072990.1	JCV_B155_Cortex_frozen_M	2018-XX-XX	North America	USA			4500	Homo sapiens	2021-02-24	2021-02-24		Solomon,I.H.,Ganesh,V.S.,Yu,G.,Deng,X.D.,Wilson,M.R.,Miller,S.,Milligan,T.A.,Mukerji,S.S.,Mathewson,A.,Linxweiler,J.,Morse,D.,Ritter,J.M.,Staples,J.E.,Hughes,H.,Gould,C.V.,Sabeti,P.C.,Chiu,C.Y.,Piantadosi,A.	Solomon et al.	Emory University School of Medicine, Pathology and Laboratory Medicine
MW072991	MW072991.1	JCV_B155_Cortex_frozen_L	2018-XX-XX	North America	USA			6960	Homo sapiens	2021-02-24	2021-02-24		Solomon,I.H.,Ganesh,V.S.,Yu,G.,Deng,X.D.,Wilson,M.R.,Miller,S.,Milligan,T.A.,Mukerji,S.S.,Mathewson,A.,Linxweiler,J.,Morse,D.,Ritter,J.M.,Staples,J.E.,Hughes,H.,Gould,C.V.,Sabeti,P.C.,Chiu,C.Y.,Piantadosi,A.	Solomon et al.	Emory University School of Medicine, Pathology and Laboratory Medicine
MW072992	MW072992.1	JCV_B155_Cortex_FFPE_S	2018-XX-XX	North America	USA			900	Homo sapiens	2021-02-24	2021-02-24		Solomon,I.H.,Ganesh,V.S.,Yu,G.,Deng,X.D.,Wilson,M.R.,Miller,S.,Milligan,T.A.,Mukerji,S.S.,Mathewson,A.,Linxweiler,J.,Morse,D.,Ritter,J.M.,Staples,J.E.,Hughes,H.,Gould,C.V.,Sabeti,P.C.,Chiu,C.Y.,Piantadosi,A.	Solomon et al.	Emory University School of Medicine, Pathology and Laboratory Medicine
MW072993	MW072993.1	JCV_B155_Cortex_FFPE_M	2018-XX-XX	North America	USA			4247	Homo sapiens	2021-02-24	2021-02-24		Solomon,I.H.,Ganesh,V.S.,Yu,G.,Deng,X.D.,Wilson,M.R.,Miller,S.,Milligan,T.A.,Mukerji,S.S.,Mathewson,A.,Linxweiler,J.,Morse,D.,Ritter,J.M.,Staples,J.E.,Hughes,H.,Gould,C.V.,Sabeti,P.C.,Chiu,C.Y.,Piantadosi,A.	Solomon et al.	Emory University School of Medicine, Pathology and Laboratory Medicine
MW072994	MW072994.1	JCV_B155_Cortex_FFPE_L	2018-XX-XX	North America	USA			6730	Homo sapiens	2021-02-24	2021-02-24		Solomon,I.H.,Ganesh,V.S.,Yu,G.,Deng,X.D.,Wilson,M.R.,Miller,S.,Milligan,T.A.,Mukerji,S.S.,Mathewson,A.,Linxweiler,J.,Morse,D.,Ritter,J.M.,Staples,J.E.,Hughes,H.,Gould,C.V.,Sabeti,P.C.,Chiu,C.Y.,Piantadosi,A.	Solomon et al.	Emory University School of Medicine, Pathology and Laboratory Medicine
MW072995	MW072995.1	JCV_B155_Cerebellum_frozen_S	2018-XX-XX	North America	USA			973	Homo sapiens	2021-02-24	2021-02-24		Solomon,I.H.,Ganesh,V.S.,Yu,G.,Deng,X.D.,Wilson,M.R.,Miller,S.,Milligan,T.A.,Mukerji,S.S.,Mathewson,A.,Linxweiler,J.,Morse,D.,Ritter,J.M.,Staples,J.E.,Hughes,H.,Gould,C.V.,Sabeti,P.C.,Chiu,C.Y.,Piantadosi,A.	Solomon et al.	Emory University School of Medicine, Pathology and Laboratory Medicine
MW072996	MW072996.1	JCV_B155_Cerebellum_frozen_M	2018-XX-XX	North America	USA			4160	Homo sapiens	2021-02-24	2021-02-24		Solomon,I.H.,Ganesh,V.S.,Yu,G.,Deng,X.D.,Wilson,M.R.,Miller,S.,Milligan,T.A.,Mukerji,S.S.,Mathewson,A.,Linxweiler,J.,Morse,D.,Ritter,J.M.,Staples,J.E.,Hughes,H.,Gould,C.V.,Sabeti,P.C.,Chiu,C.Y.,Piantadosi,A.	Solomon et al.	Emory University School of Medicine, Pathology and Laboratory Medicine
MW072997	MW072997.1	JCV_B155_Cerebellum_frozen_L	2018-XX-XX	North America	USA			6943	Homo sapiens	2021-02-24	2021-02-24		Solomon,I.H.,Ganesh,V.S.,Yu,G.,Deng,X.D.,Wilson,M.R.,Miller,S.,Milligan,T.A.,Mukerji,S.S.,Mathewson,A.,Linxweiler,J.,Morse,D.,Ritter,J.M.,Staples,J.E.,Hughes,H.,Gould,C.V.,Sabeti,P.C.,Chiu,C.Y.,Piantadosi,A.	Solomon et al.	Emory University School of Medicine, Pathology and Laboratory Medicine
MW072998	MW072998.1	JCV_B155_Cerebellum_FFPE_S	2018-XX-XX	North America	USA			714	Homo sapiens	2021-02-24	2021-02-24		Solomon,I.H.,Ganesh,V.S.,Yu,G.,Deng,X.D.,Wilson,M.R.,Miller,S.,Milligan,T.A.,Mukerji,S.S.,Mathewson,A.,Linxweiler,J.,Morse,D.,Ritter,J.M.,Staples,J.E.,Hughes,H.,Gould,C.V.,Sabeti,P.C.,Chiu,C.Y.,Piantadosi,A.	Solomon et al.	Emory University School of Medicine, Pathology and Laboratory Medicine
MW072999	MW072999.1	JCV_B155_Cerebellum_FFPE_M	2018-XX-XX	North America	USA			4193	Homo sapiens	2021-02-24	2021-02-24		Solomon,I.H.,Ganesh,V.S.,Yu,G.,Deng,X.D.,Wilson,M.R.,Miller,S.,Milligan,T.A.,Mukerji,S.S.,Mathewson,A.,Linxweiler,J.,Morse,D.,Ritter,J.M.,Staples,J.E.,Hughes,H.,Gould,C.V.,Sabeti,P.C.,Chiu,C.Y.,Piantadosi,A.	Solomon et al.	Emory University School of Medicine, Pathology and Laboratory Medicine
MW073000	MW073000.1	JCV_B155_Cerebellum_FFPE_L	2018-XX-XX	North America	USA			6664	Homo sapiens	2021-02-24	2021-02-24		Solomon,I.H.,Ganesh,V.S.,Yu,G.,Deng,X.D.,Wilson,M.R.,Miller,S.,Milligan,T.A.,Mukerji,S.S.,Mathewson,A.,Linxweiler,J.,Morse,D.,Ritter,J.M.,Staples,J.E.,Hughes,H.,Gould,C.V.,Sabeti,P.C.,Chiu,C.Y.,Piantadosi,A.	Solomon et al.	Emory University School of Medicine, Pathology and Laboratory Medicine
MZ822417	MZ822417.1	MZ822417	2019-XX-XX	North America	USA	Edgecomb	Me	552	Ochlerotatus cantator	2022-07-05	2022-07-05		Schneider,E.F.,Robich,R.M.,Cosenza,D.S.,Elias,S.P.,Lubelczyk,C.B.,Smith,R.P.	Schneider et al.	Maine Medical Center Research Institute, Lyme and Vector-borne Disease Laboratory
NC_043558	NC_043558.1	NC_043558	1961-XX-XX	North America	USA			991	Culiseta inornata	2019-06-28	2019-08-22		Bennett,R.S.,Nelson,J.T.,Gresko,A.K.,Murphy,B.R.,Whitehead,S.S.	Bennett et al.	National Center for Biotechnology Information, NIH
NC_043559	NC_043559.1	NC_043559	1961-XX-XX	North America	USA			6960	Culiseta inornata	2019-06-28	2019-08-22		Bennett,R.S.,Nelson,J.T.,Gresko,A.K.,Murphy,B.R.,Whitehead,S.S.	Bennett et al.	National Center for Biotechnology Information, NIH
NC_043560	NC_043560.1	JCV/61/CO-cl	1961-XX-XX	North America	USA			4510	Culiseta inornata	2019-06-28	2019-08-22		Bennett,R.S.,Nelson,J.T.,Gresko,A.K.,Murphy,B.R.,Whitehead,S.S.	Bennett et al.	National Center for Biotechnology Information, NIH
U12796	U12796.1	U12796	XXXX-XX-XX					991		1995-04-04	1900-01-01		Bowen,M.D.,Jackson,A.O.,Bruns,T.D.,Hacker,D.L.,Hardy,J.L.	Bowen et al.	Michael D. Bowen, University of California at Berkeley, School of Public Health, 140 Warren Hall, Berkeley, CA 94720
U12799	U12799.1	U12799	XXXX-XX-XX					991		1995-04-04	1900-01-01		Bowen,M.D.,Jackson,A.O.,Bruns,T.D.,Hacker,D.L.,Hardy,J.L.	Bowen et al.	Michael D. Bowen, University of California at Berkeley, School of Public Health, 140 Warren Hall, Berkeley, CA 94720
U88058	U88058.1	61V2235	XXXX-XX-XX					4510		1998-01-01	1999-09-02		Campbell,W.P.,Huang,C.	Campbell et al.	Wadsworth Center, New York State Dept. of Health, Albany, NY 12201-0509
